epoch,train_loss,valid_loss,valid_perplexity
1,6.478670575151283,6.107004775532654,448.9918676915367
2,5.870891004576719,5.815861389573131,335.5803394432275
