direction,num_layers,num_heads,d_model,train_loss,valid_loss,valid_perplexity,sequence_accuracy,bleu4,parameter_count,approx_attention_ops,train_seconds,source_vocab,target_vocab
French-to-English,1,2,48,5.709113781020027,5.5718527056179115,262.9207630534564,0.0,0.006429200654601897,209125,684288,0.2811223730000165,996,901
French-to-English,1,4,48,5.677001229637795,5.6378676905535405,280.8631922766951,0.0,0.0015771635334120486,209125,684288,0.29020510500004093,996,901
French-to-English,2,2,48,5.633216499253354,5.485101013842868,241.07329450802857,0.0,0.01180743094221301,275173,1368576,0.4640301179999824,996,901
French-to-English,2,4,48,5.660634339811182,5.590445778793317,267.8549971811259,0.0,0.006429200654601897,275173,1368576,0.49312696399988454,996,901
French-to-English,4,2,48,5.646769557134438,5.577073795718714,264.2970858729343,0.0,0.006429200654601897,407269,2737152,0.8347617570000239,996,901
French-to-English,4,4,48,5.6761720246657195,5.574508584014565,263.6199767303284,0.0,0.007524254043530845,407269,2737152,0.9010948780000945,996,901
