direction,num_layers,num_heads,d_model,train_loss,valid_loss,valid_perplexity,sequence_accuracy,bleu4,parameter_count,approx_attention_ops,train_seconds,source_vocab,target_vocab
English-to-French,1,2,48,5.815165589488677,5.782962900187288,324.7198790926884,0.0,0.0,213780,684288,0.29577512400010164,901,996
English-to-French,1,4,48,5.829242398381716,5.805184369640691,332.0164014455535,0.0,0.0007027387237200824,213780,684288,0.30251806499995837,901,996
English-to-French,2,2,48,5.870891004576719,5.815861389573131,335.5803394432275,0.0,0.0,279828,1368576,0.4792898260000129,901,996
English-to-French,2,4,48,5.7950196616424865,5.810089195413249,333.64888429749664,0.0,0.006749523766717856,279828,1368576,0.5159402990000217,901,996
English-to-French,4,2,48,5.89273043586175,5.798869417714221,329.92634009582406,0.0,0.0,411924,2737152,0.8572503859998051,901,996
English-to-French,4,4,48,5.876637291260162,5.868608534868274,353.7563979488112,0.0,0.0,411924,2737152,0.9187169939998512,901,996
