epoch,train_loss,valid_loss,valid_accuracy,valid_top3_accuracy,valid_perplexity
1,2.708086662502079,2.386497573852539,0.3258333333333333,0.5614791666666666,10.87533709627042
2,2.2051786942234965,2.16664701461792,0.37322916666666667,0.6019166666666667,8.72896681995309
