epoch,train_loss,valid_loss,valid_perplexity
1,6.536405701937877,6.099157254078558,445.4821835494753
2,5.829242398381716,5.805184369640691,332.0164014455535
