epoch,train_loss,valid_loss,valid_accuracy,valid_top3_accuracy,valid_perplexity
1,2.727809538534335,2.3810040760040283,0.3205625,0.5638958333333334,10.815757256028188
2,2.201335620655557,2.170457706451416,0.38295833333333335,0.595375,8.762293681398813
