epoch,train_loss,valid_loss,valid_accuracy,valid_top3_accuracy,valid_perplexity
1,2.7699261717661794,2.3837657928466798,0.32446875,0.56609375,10.845668599327132
2,2.2342928684617283,2.1842129325866697,0.3748125,0.60321875,8.883653766657075
