epoch,train_loss,valid_loss,valid_accuracy,valid_top3_accuracy,valid_perplexity
1,2.817967549598011,2.471050987243652,0.29504166666666665,0.541,11.834878624149036
2,2.3288321081847188,2.288027858734131,0.3405625,0.5803958333333333,9.855482099957323
