epoch,train_loss,valid_loss,valid_accuracy,valid_top3_accuracy,valid_perplexity
1,2.5408616547004192,2.3835029888153074,0.3214666666666667,0.54935,10.842818688396743
2,2.026827928681894,2.194293628692627,0.36966666666666664,0.60595,8.97366008153781
3,1.7863275535432728,2.143818218231201,0.39055,0.62595,8.531952371284673
4,1.6255185899650737,2.165830577850342,0.3972,0.6390333333333333,8.721843078936063
5,1.49664732575267,2.2151474609375,0.4102166666666667,0.6382833333333333,9.162760161196296
