epoch,train_loss,valid_loss,valid_accuracy,valid_top3_accuracy,valid_perplexity
1,2.6244616647885466,2.41453920173645,0.3203166666666667,0.5513666666666667,11.184615318610136
2,2.1130053430459133,2.2409037532806395,0.3600833333333333,0.5939666666666666,9.401824378661393
3,1.9205306253887928,2.189856258392334,0.3772333333333333,0.61235,8.933928845104504
4,1.7976414946720023,2.164501592636108,0.3851333333333333,0.6270833333333333,8.710259577299391
5,1.707892106049034,2.1634987144470217,0.39503333333333335,0.6358666666666667,8.701528626719762
