epoch,train_loss,valid_loss,valid_perplexity
1,6.446640787405937,6.079084181359836,436.6291384530265
2,5.7950196616424865,5.810089195413249,333.64888429749664
