epoch,train_loss,valid_loss,valid_perplexity
1,6.464352620275397,6.062783133238554,429.5693233781802
2,5.89273043586175,5.798869417714221,329.92634009582406
