epoch,train_loss,valid_loss,valid_perplexity
1,6.482357337751989,6.234688808343241,510.1418418596475
2,5.876637291260162,5.868608534868274,353.7563979488112
