epoch,train_loss,valid_loss,valid_perplexity
1,6.430637291856524,5.973853046476344,393.0170701712988
2,5.709113781020027,5.5718527056179115,262.9207630534564
