epoch,train_loss,valid_loss,valid_perplexity
1,6.413720253657472,6.00405862703653,405.06948773213105
2,5.677001229637795,5.6378676905535405,280.8631922766951
