epoch,train_loss,valid_loss,valid_accuracy,valid_top3_accuracy,valid_perplexity
1,2.573925060896004,2.433299333572388,0.3039,0.53401,11.396420713176601
2,2.0694472288335644,2.2044451980590822,0.37161,0.60786,9.065220770359101
3,1.7755830328119626,2.1301698112487792,0.40523,0.63919,8.41629587181352
4,1.5529004746263133,2.1826447830200197,0.40959,0.64237,8.869733786010976
5,1.3787793802465282,2.298821228027344,0.41274,0.64085,9.962432094944866
