epoch,train_loss,valid_loss,valid_accuracy,valid_top3_accuracy,valid_perplexity
1,2.5658265404599523,2.383995771408081,0.32016666666666665,0.5463833333333333,10.848163157425486
2,2.030677880457085,2.208356258392334,0.37545,0.6109333333333333,9.100744818792101
3,1.7768165153122906,2.1801477870941164,0.38938333333333336,0.6229666666666667,8.84761372522748
4,1.5955843094451214,2.1865845794677736,0.4011166666666667,0.6375166666666666,8.904747660151683
5,1.4470236527874898,2.284882884979248,0.40458333333333335,0.6290333333333333,9.824535555952913
