epoch,train_loss,valid_loss,valid_perplexity
1,6.331439004285415,5.9445561873898605,381.6699337738921
2,5.660634339811182,5.590445778793317,267.8549971811259
