epoch,train_loss,valid_loss,valid_perplexity
1,6.556908694493971,6.111369922224965,450.95606694770504
2,5.815165589488677,5.782962900187288,324.7198790926884
