epoch,train_loss,valid_loss,valid_accuracy,valid_top3_accuracy,valid_perplexity
1,3.050832069953451,2.839162620472759,0.21294363256784968,0.4444676409185804,17.10143914464305
2,2.5173910642023065,2.5739241487546853,0.2568893528183716,0.4981210855949896,13.117197411308142
3,2.2637754293123207,2.4013763061396016,0.3049060542797495,0.5494780793319416,11.038358090916264
4,2.069183108670515,2.2855591773986816,0.34509394572025054,0.5847599164926931,9.831182062111395
5,1.9103899853930162,2.213218594891542,0.3766179540709812,0.6068893528183716,9.145103458415695
