epoch,train_loss,valid_loss,valid_perplexity
1,6.301599255325468,5.963012502645281,388.7795613441722
2,5.646769557134438,5.577073795718714,264.2970858729343
