epoch,train_loss,valid_loss,valid_perplexity
1,6.346473478065613,5.898515609791225,364.49601178766466
2,5.6761720246657195,5.574508584014565,263.6199767303284
