epoch,train_loss,valid_loss,valid_perplexity
1,6.3017042862060775,5.807164611066198,332.67452548482504
2,5.633216499253354,5.485101013842868,241.07329450802857
